{
    "RMSE": {
      "0_[10, 19]_[40, 64]_[155, 169]": 0.1401380857,
      "0_[10, 19]_[40, 64]_[170, 179]": 0.0865789761,
      "0_[10, 19]_[65, 74]_[155, 169]": 0.1183906895,
      "0_[10, 19]_[65, 74]_[170, 179]": 0.1542784089,
      "0_[10, 19]_[65, 74]_[180, 205]": 0.0495143304,
      "0_[10, 19]_[75, 84]_[155, 169]": 0.0956433403,
      "0_[10, 19]_[75, 84]_[170, 179]": 0.0582823729,
      "0_[10, 19]_[75, 84]_[180, 205]": 0.110505159,
      "0_[10, 19]_[85, 140]_[170, 179]": 0.1177730337,
      "0_[10, 19]_[85, 140]_[180, 205]": 0.1592082072,
      "0_[20, 29]_[40, 64]_[155, 169]": 0.2445494444,
      "0_[20, 29]_[40, 64]_[170, 179]": 0.1898253632,
      "0_[20, 29]_[65, 74]_[155, 169]": 0.2012824869,
      "0_[20, 29]_[65, 74]_[170, 179]": 0.2155660778,
      "0_[20, 29]_[65, 74]_[180, 205]": 0.1363391014,
      "0_[20, 29]_[75, 84]_[155, 169]": 0.1575991463,
      "0_[20, 29]_[75, 84]_[170, 179]": 0.1654432907,
      "0_[20, 29]_[75, 84]_[180, 205]": 0.1392978217,
      "0_[20, 29]_[85, 140]_[170, 179]": 0.2009251715,
      "0_[20, 29]_[85, 140]_[180, 205]": 0.1478879163,
      "0_[30, 39]_[40, 64]_[155, 169]": 0.4286777311,
      "0_[30, 39]_[40, 64]_[170, 179]": 0.0982320356,
      "0_[30, 39]_[65, 74]_[155, 169]": 0.1139358276,
      "0_[30, 39]_[65, 74]_[170, 179]": 0.1099431287,
      "0_[30, 39]_[65, 74]_[180, 205]": 0.0864510406,
      "0_[30, 39]_[75, 84]_[155, 169]": 0.0871478201,
      "0_[30, 39]_[75, 84]_[170, 179]": 0.151683655,
      "0_[30, 39]_[75, 84]_[180, 205]": 0.1880747748,
      "0_[30, 39]_[85, 140]_[170, 179]": 0.1005701437,
      "0_[30, 39]_[85, 140]_[180, 205]": 0.1244993481,
      "0_[40, 65]_[40, 64]_[155, 169]": 0.1225953274,
      "0_[40, 65]_[40, 64]_[170, 179]": 0.0668887773,
      "0_[40, 65]_[65, 74]_[155, 169]": 0.1206390023,
      "0_[40, 65]_[65, 74]_[170, 179]": 0.1283126957,
      "0_[40, 65]_[75, 84]_[155, 169]": 0.1735299001,
      "0_[40, 65]_[75, 84]_[170, 179]": 0.1901734589,
      "0_[40, 65]_[75, 84]_[180, 205]": 0.0913825695,
      "0_[40, 65]_[85, 140]_[170, 179]": 0.0594730922,
      "0_[40, 65]_[85, 140]_[180, 205]": 0.1659713545,
      "1_[10, 19]_[40, 54]_[160, 169]": 0.093403607,
      "1_[10, 19]_[55, 69]_[145, 159]": 0.0802785014,
      "1_[10, 19]_[55, 69]_[160, 169]": 0.20643372,
      "1_[10, 19]_[55, 69]_[170, 205]": 0.1151667772,
      "1_[10, 19]_[70, 110]_[160, 169]": 0.0847859037,
      "1_[10, 19]_[70, 110]_[170, 205]": 0.0953212616,
      "1_[20, 29]_[40, 54]_[145, 159]": 0.1722976875,
      "1_[20, 29]_[55, 69]_[160, 169]": 0.1351278097,
      "1_[20, 29]_[55, 69]_[170, 205]": 0.1277362399,
      "1_[20, 29]_[70, 110]_[145, 159]": 0.1268160386,
      "1_[20, 29]_[70, 110]_[170, 205]": 0.0912198737,
      "1_[30, 39]_[40, 54]_[160, 169]": 0.036724882,
      "1_[30, 39]_[55, 69]_[145, 159]": 0.0634685015,
      "1_[30, 39]_[55, 69]_[160, 169]": 0.1197055925,
      "1_[40, 60]_[40, 54]_[145, 159]": 0.1893244346,
      "1_[40, 60]_[40, 54]_[160, 169]": 0.2362104832,
      "1_[40, 60]_[55, 69]_[160, 169]": 0.1536471227
    },
    "Weights": {
      "0_[10, 19]_[40, 64]_[155, 169]": {
        "yintercept": 0.7203376544,
        "time": 0.0002229252,
        "speed": 0.0055760617
      },
      "0_[10, 19]_[40, 64]_[170, 179]": {
        "yintercept": 0.686411242,
        "time": -0.0000819405,
        "speed": 0.0266339667
      },
      "0_[10, 19]_[65, 74]_[155, 169]": {
        "yintercept": 0.8174187729,
        "time": 0.0004148022,
        "speed": -0.0065250982
      },
      "0_[10, 19]_[65, 74]_[170, 179]": {
        "yintercept": 0.677016,
        "time": -0.0000532071,
        "speed": 0.026568852
      },
      "0_[10, 19]_[65, 74]_[180, 205]": {
        "yintercept": 0.7071060364,
        "time": 0.0001730016,
        "speed": 0.0114603753
      },
      "0_[10, 19]_[75, 84]_[155, 169]": {
        "yintercept": 0.7282976007,
        "time": 0.000780279,
        "speed": -0.0116807849
      },
      "0_[10, 19]_[75, 84]_[170, 179]": {
        "yintercept": 0.6484806219,
        "time": -0.0000415146,
        "speed": 0.0265247458
      },
      "0_[10, 19]_[75, 84]_[180, 205]": {
        "yintercept": 0.690705335,
        "time": 0.0000855517,
        "speed": 0.0182428869
      },
      "0_[10, 19]_[85, 140]_[170, 179]": {
        "yintercept": 0.7268600743,
        "time": -0.0001109901,
        "speed": 0.0269589896
      },
      "0_[10, 19]_[85, 140]_[180, 205]": {
        "yintercept": 0.5563651537,
        "time": -0.0004225617,
        "speed": 0.0589651331
      },
      "0_[20, 29]_[40, 64]_[155, 169]": {
        "yintercept": 0.8607722168,
        "time": 0.0005379445,
        "speed": -0.0159731277
      },
      "0_[20, 29]_[40, 64]_[170, 179]": {
        "yintercept": 0.7706802526,
        "time": 0.0005013969,
        "speed": -0.0084747682
      },
      "0_[20, 29]_[65, 74]_[155, 169]": {
        "yintercept": 0.7205701024,
        "time": 0.0001836236,
        "speed": 0.0118904714
      },
      "0_[20, 29]_[65, 74]_[170, 179]": {
        "yintercept": 0.7136086589,
        "time": 0.0001732212,
        "speed": 0.0121961599
      },
      "0_[20, 29]_[65, 74]_[180, 205]": {
        "yintercept": 0.7371777161,
        "time": 0.0003246519,
        "speed": 0.0023203885
      },
      "0_[20, 29]_[75, 84]_[155, 169]": {
        "yintercept": 0.9087825469,
        "time": 0.0015091431,
        "speed": -0.063444607
      },
      "0_[20, 29]_[75, 84]_[170, 179]": {
        "yintercept": 0.7221343745,
        "time": 0.0003378059,
        "speed": 0.003196912
      },
      "0_[20, 29]_[75, 84]_[180, 205]": {
        "yintercept": 0.6862960802,
        "time": 0.000210166,
        "speed": 0.0101354966
      },
      "0_[20, 29]_[85, 140]_[170, 179]": {
        "yintercept": 0.7611976017,
        "time": 0.0002095258,
        "speed": 0.0086408153
      },
      "0_[20, 29]_[85, 140]_[180, 205]": {
        "yintercept": 0.6856049436,
        "time": 0.0001440664,
        "speed": 0.0166790663
      },
      "0_[30, 39]_[40, 64]_[155, 169]": {
        "yintercept": 0.865915784,
        "time": 0.0002878349,
        "speed": -0.0001230469
      },
      "0_[30, 39]_[40, 64]_[170, 179]": {
        "yintercept": 0.8457846074,
        "time": 0.0001478372,
        "speed": 0.0065909917
      },
      "0_[30, 39]_[65, 74]_[155, 169]": {
        "yintercept": 0.6697480037,
        "time": 0.0001698813,
        "speed": 0.0184948495
      },
      "0_[30, 39]_[65, 74]_[170, 179]": {
        "yintercept": 0.7872293173,
        "time": 0.0003330382,
        "speed": -0.0000372746
      },
      "0_[30, 39]_[65, 74]_[180, 205]": {
        "yintercept": 0.7875125328,
        "time": 0.0000075852,
        "speed": 0.0259637611
      },
      "0_[30, 39]_[75, 84]_[155, 169]": {
        "yintercept": 0.6165396601,
        "time": -0.0002033697,
        "speed": 0.0400708604
      },
      "0_[30, 39]_[75, 84]_[170, 179]": {
        "yintercept": 0.7509255416,
        "time": 0.0000911959,
        "speed": 0.014655582
      },
      "0_[30, 39]_[75, 84]_[180, 205]": {
        "yintercept": 0.7131035511,
        "time": 0.0004066667,
        "speed": 0.002278122
      },
      "0_[30, 39]_[85, 140]_[170, 179]": {
        "yintercept": 0.6412338524,
        "time": 0.0000199565,
        "speed": 0.0315161774
      },
      "0_[30, 39]_[85, 140]_[180, 205]": {
        "yintercept": 0.7143380623,
        "time": 0.0002607788,
        "speed": 0.0086058486
      },
      "0_[40, 65]_[40, 64]_[155, 169]": {
        "yintercept": 0.7383413749,
        "time": 0.0001523228,
        "speed": 0.0131600278
      },
      "0_[40, 65]_[40, 64]_[170, 179]": {
        "yintercept": 0.5773376218,
        "time": -0.0005445714,
        "speed": 0.0571727426
      },
      "0_[40, 65]_[65, 74]_[155, 169]": {
        "yintercept": 0.6928599262,
        "time": 0.0001887402,
        "speed": 0.0119563495
      },